id,first_name,last_name
1,Marylin,Spring
2,Korney,Walicki
3,Ashla,Worley
4,Felipa,Hathorn
5,Merline,Jugging
6,Derek,Hucks
7,Kelli,Ripping
8,Edgardo,Jardine
9,Chrysa,Marnes
10,Rowena,Rouby
11,Geordie,McComiskie
12,Lodovico,L'Amie
13,Frazer,Valentin
14,Renee,Spinke
15,Cristabel,Kubala
16,Wald,Craiker
17,Buiron,Linsey
18,Karlie,Goddert.sf
19,Munroe,Gosse
20,Elvina,Nevin
21,Nerita,Sendall
22,Clementius,Skayman
23,Rosalynd,Martino
24,Hildagard,Gehrtz
25,Robin,Milverton
26,Keefer,Coggles
27,Wade,Blinerman
28,Jacquenette,Dodds
29,Kyrstin,Melladew
30,Daren,Ruse
31,Izaak,Penwright
32,Cathee,Gover
33,Benoite,Alyonov
34,Ruy,Boor
35,Dode,Bearns
36,Ephraim,Mance
37,Gilbertina,Banes
38,Crawford,Ketchen
39,Sydelle,Koenen
40,Kendal,ducarme
41,Ellery,Binnell
42,Arlin,Moreland
43,Berke,Ankers
44,Cameron,Lefwich
45,Amerigo,Marre
46,Torey,Pakeman
47,Tabby,Menichini
48,Thomasin,McGairl
49,Karlan,Cliss
50,Maire,Methringham
51,Lewes,Lipyeat
52,Darwin,Jerdein
53,Dyan,Seary
54,Caleb,Tallach
55,Sherye,O'Currigan
56,Celestia,Gillyett
57,Lorry,Parley
58,Lesly,Patriskson
59,Cody,Caplan
60,Carol-jean,Monnoyer
61,Price,Lishmund
62,Brigham,Arnke
63,Brier,McArley
64,Zaneta,Sertin
65,Letitia,Belt
66,Seka,Chaundy
67,Stuart,Aldin
68,Monroe,Mummery
69,Kelsey,Kite
70,Matilde,Spohrmann
71,Lucine,McCrea
72,Portia,Grob
73,Moselle,Lowthorpe
74,Ingaborg,Bathowe
75,Dotty,Geertz
76,Whittaker,Yoakley
77,Edythe,Gatus
78,Helen-elizabeth,Sowersby
79,Masha,Dorracott
80,Kris,Robertsson
81,Ansel,Slack
82,Nanni,Purser
83,Tommie,Hammerman
84,Hurlee,Demaid
85,Ines,Hoyte
86,Stacee,Toolan
87,Stern,Morena
88,Fidelity,Troillet
89,Westbrook,Gook
90,Lurlene,Points
91,Jules,Flaune
92,Melisandra,Keston
93,Eleonora,Boreham
94,Marieann,Willingam
95,Antonia,Jannaway
96,Diane-marie,Hemphill
97,Iormina,De Mars
98,Edlin,Davisson
99,Beckie,Barkes
100,Vanya,Domney
101,Germain,Konzelmann
102,Jaymie,Dudden
103,Daphene,Craigg
104,Wallie,Coe
105,Ami,Gascoyen
106,Coriss,Youtead
107,Boy,Hirsthouse
108,Olenolin,Purver
109,Avery,Brazenor
110,Gwenore,Janek
111,Cynthie,Westover
112,Margalit,Dericot
113,Heath,Winram
114,Meridel,Gravy
115,Josephina,Olesen
116,Charmian,Steutly
117,Brandais,Zanassi
118,Winonah,Van Der Weedenburg
119,Jasun,Maggill'Andreis
120,Derek,Parlor
121,Fidel,Bromidge
122,Silvie,Sarath
123,Virgie,McEnery
124,Granville,Bittlestone
125,Ingmar,Matignon
126,Burke,Heaker
127,Maurits,Strippel
128,Stacee,Emanuelli
129,Skylar,Seage
130,Tristan,Cassely
131,Ralf,Whiteman
132,Rochelle,Roscow
133,Katine,Hoofe
134,Ken,Jakubovitch
135,Analise,Parnham
136,Matelda,Ciccarelli
137,Earle,Norvell
138,Christoffer,Prophet
139,Roobbie,Phizackerly
140,Daffie,Alpine
141,Karilynn,Lethardy
142,Kay,O'Neill
143,Roch,Linch
144,Thekla,O'Hanlon
145,Neilla,Joslyn
146,Raina,Scrivener
147,Ysabel,Osborn
148,Kristoffer,Bernardo
149,Maureen,Jansema
150,Sarge,Parkey
151,Henryetta,Robison
152,Hewie,Leadbeater
153,Robby,Blasing
154,Gustie,Keedy
155,Nicola,Cowie
156,Ardenia,Marsy
157,Chrotoem,Bradborne
158,Bernhard,McKern
159,Darb,Conway
160,Jerome,Jancy
161,Samson,MacArdle
162,Willette,Smickle
163,Leontine,Minerdo
164,Candie,Youde
165,Antony,Gouldbourn
166,Yuma,Staunton
167,Linc,Bosenworth
168,Arther,Lusted
169,Fan,Mowson
170,Barton,Babbidge
171,Brennen,Dunstone
172,Orton,Blumire
173,Bianka,Hillam
174,Claudine,Fosken
175,Caz,Borton
176,Amanda,Lejeune
177,Sunny,Cleyburn
178,Brianne,Camps
179,Opalina,Bourgeois
180,Nicky,Eldered
181,Giana,Bernardoux
182,Darell,Minard
183,Sorcha,Burds
184,Dionis,Dressell
185,Welby,Zamorrano
186,Aldus,Pilcher
187,Felecia,Hallihane
188,Bianka,Dudley
189,Ardine,Brute
190,Nicolas,Tregien
191,Aviva,Bennitt
192,Wilt,Peter
193,Dolley,Reuss
194,Lissie,Mattam
195,Michale,Le Quesne
196,Dixie,Kisting
197,Tomasine,Westwick
198,Rhys,Pedro
199,Rhiamon,MacLaren
200,Melly,Dwine
201,Earl,Jaray
202,Amye,MacNeil
203,Thedric,Fasey
204,Bart,Geldart
205,Sylvester,Bogey
206,Jean,Riccelli
207,Duke,Dymick
208,Willy,Hayers
209,Mar,Lavalle
210,Davine,Dartnell
211,Leontyne,Teresia
212,Richardo,Liverseege
213,Ora,Dossetter
214,Jehu,Towner
215,Neda,Philippsohn
216,Jade,Claisse
217,Hewett,Mauger
218,Wake,Yurov
219,Nadeen,Himsworth
220,Eliot,Lisciandri
221,Urbano,Jobb
222,Saxe,Rebert
223,Aurelia,Alwood
224,Tiphany,Fairlamb
225,Selena,Brehault
226,Francklin,Fawdrie
227,Starlene,Summerson
228,Chrissie,Axtens
229,Mersey,Gundrey
230,Aimil,Ducastel
231,Luisa,Bwy
232,Fina,Blanden
233,Alfonse,Gobert
234,Amabel,Ferrarello
235,Gamaliel,Haresign
236,Tomas,Cotherill
237,Palmer,Mulvany
238,Deane,Hazley
239,Gabriel,Waugh
240,Benoit,Elletson
241,Janenna,Hapke
242,Gerhardt,Rieger
243,Basile,Dansken
244,Jeniece,Jewel
245,Esra,Hutcheon
246,Wiatt,McNeill
247,Chastity,Duiged
248,Sheela,Lawland
249,Thorndike,MacAne
250,Gunter,Staunton
251,Corrie,Baseggio
252,Nikolos,Toghill
253,Ikey,Haigh
254,Mimi,Kember
255,Winslow,Thacker
256,Ingar,Greggs
257,Tam,Wadie
258,Georgina,Wilshere
259,Rey,Morrilly
260,Fabian,Leopard
261,Rodd,Lefeaver
262,Waylan,Rosita
263,Amil,Seppey
264,Sybyl,Esilmon
265,Monroe,Maris
266,Drusi,Doud
267,Jillane,Kermath
268,Yvette,Cattrell
269,Jannelle,Forton
270,Zahara,Stitson
271,Genni,Gush
272,Ferrel,Stormont
273,Rachele,Schlagtmans
274,Nobe,Murtimer
275,Erinn,Jeandet
276,Anastassia,Crispe
277,Ashlan,Slade
278,Anitra,Yakolev
279,Gabie,Ziehm
280,Sean,Dinwoodie
281,Karine,Parysiak
282,Deana,Steynor
283,Garrott,Cable
284,Bartlet,Burk
285,Eimile,Espinho
286,Andris,Carcas
287,Mia,Bruin
288,Vikky,Manssuer
289,Ignacio,Pretti
290,Harriot,Milthorpe
291,Casandra,Masson
292,Lana,Kobisch
293,Debee,Roubottom
294,Marcel,Skeates
295,Den,Hincks
296,Tann,Shann
297,Austen,Jurkiewicz
298,Bobine,Ferrarotti
299,Brigida,Quoit
300,Layton,MacElroy
301,Arlan,Bisco
302,Crissie,Balassi
303,Mickie,Tatham
304,Milicent,Joriot
305,Jacky,Aspital
306,Quill,Digginson
307,Norrie,Scard
308,Lyell,Hesse
309,Felix,Tubbs
310,Alonzo,Mattiato
311,Alikee,Prangle
312,Angel,Feeley
313,Alfred,Kirsopp
314,Thurstan,Carous
315,Hugibert,Dodgson
316,Jocelyne,Lauder
317,Leeanne,Neggrini
318,Wes,Burhill
319,Gregoor,Bute
320,Grant,Creasy
321,Ann,Wickwar
322,Sholom,Tison
323,Muriel,Kabisch
324,Allyn,Wonfor
325,Ferrell,D'Orsay
326,Nanny,Gentery
327,Viv,O'Hogertie
328,Shepperd,Carrivick
329,Tadeo,Ridwood
330,Hillie,Jurkowski
331,Rosene,Keyme
332,Mariette,Vakhonin
333,Laurence,Willbraham
334,Kinny,Clay
335,Fabe,Menguy
336,Gene,Stanett
337,Aprilette,Pancost
338,Nita,Nicklin
339,Tobit,Whitechurch
340,Omero,Rubertelli
341,Foster,Verrall
342,Sandie,Warlowe
343,Ram,Seeborne
344,Jocko,Vaisey
345,Bowie,Kyston
346,Jolyn,Skyner
347,Blythe,Mustoo
348,Magnum,Howey
349,Claire,Fryers
350,Martainn,Eykel
351,Baxter,Diable
352,Ulises,Domenget
353,Jourdan,Passion
354,Crichton,Leglise
355,Ernst,Carluccio
356,Lindi,Kinze
357,Em,Askwith
358,Annalise,Delyth
359,Tanya,Penhale
360,Chicky,Cadd
361,Edie,Lakin
362,Tobit,Gaisford
363,Riccardo,Sey
364,Leoline,Castello
365,Dru,Asel
366,Pincas,Tsar
367,Gasper,Banck
368,Georgy,Cracie
369,Jackie,Hinstock
370,Reese,Stallan
371,Jarrod,Iddison
372,Morganica,Roby
373,Lucie,Durdy
374,Vernen,Dabes
375,Garrott,Bielfeldt
376,Mendie,Rouchy
377,Whitney,Middell
378,Marmaduke,Steggles
379,Terence,Robbs
380,Rosemaria,Thwaites
381,Antonino,Asty
382,Rupert,Ronisch
383,Blaire,Van Dijk
384,Fraser,Inger
385,Jemmy,Saggs
386,Albertine,Macari
387,Halie,Ary
388,Stu,Handford
389,Merrill,Gilloran
390,Baudoin,Lathan
391,Fransisco,Cattach
392,Terrye,O'Meara
393,Brockie,Torregiani
394,Shirlee,Blamphin
395,Otis,Gorman
396,Osgood,Lynam
397,Ivan,Bumphries
398,Marie-ann,Poznanski
399,Winni,Kersting
400,Nannie,Teresse
401,Jasmin,Laden
402,Kristi,Lisciandro
403,Kennie,Czajka
404,Karalee,Gillebert
405,Huntley,McGregor
406,Tony,Chessil
407,Simmonds,Monkman
408,Ara,Murcott
409,Lacy,Vanichkov
410,Enos,Dressell
411,Gualterio,Shuttlewood
412,Latrena,Calam
413,Elyn,Vaadeland
414,Harold,Hubball
415,Emmery,Royan
416,Irwinn,Routham
417,Aarika,Baldick
418,Gaynor,O'Ruane
419,Mar,Waddie
420,Charles,Quigley
421,Beck,Godehard.sf
422,Alana,Lowless
423,Maddy,Stark
424,Kathi,Alennikov
425,Em,Innes
426,Darsey,Normansell
427,Ashleigh,Pittoli
428,Dorella,Room
429,Dorie,Jurewicz
430,Wade,De Meyer
431,Yetta,Randalston
432,Brynna,Drieu
433,Rickert,Dunsmuir
434,Talia,Badrick
435,Seumas,Akers
436,Rasia,Bathow
437,Sawyer,Maddison
438,Roseanne,Rayne
439,Staford,Jakubovicz
440,Sibby,Gruczka
441,Gibbie,Beebee
442,Ravid,Bowes
443,Hartley,Vasyutkin
444,Iolanthe,Drever
445,Stafford,Burder
446,Julissa,Bayne
447,Jermaine,Edgeller
448,Hillard,Bulpitt
449,Bronny,Staten
450,Kirbie,Layman
451,Enrico,Laugherane
452,Carmencita,Alibone
453,Fernando,Cassey
454,Mar,Volcker
455,Stephannie,Swigger
456,Philippe,Dunnet
457,Sammy,Tunaclift
458,Sydel,Thompkins
459,Frederich,Franz
460,Micheal,Meeking
461,Luz,Cattermoul
462,Nathalie,Margach
463,Cesya,Izak
464,Averil,Collelton
465,Sybille,Kyndred
466,Franz,Lambrick
467,Barty,Curston
468,Torey,Philipet
469,Anabelle,Melwall
470,Glynn,Rising
471,Krystal,Gallafant
472,Ina,McLagan
473,Nelia,Bum
474,Lorraine,Schaffler
475,Hilario,Staggs
476,Langsdon,Lumsdon
477,Else,Balazot
478,Katine,Kinleyside
479,Kendell,Whetnell
480,Sumner,Kondrachenko
481,Ginelle,Mintram
482,Rockie,Bruhnke
483,Ardath,Dufour
484,Cordie,Rabbe
485,Kathryn,Rolin
486,Desiri,Krishtopaittis
487,Seward,Coe
488,Brady,Slessor
489,Dulcea,Michel
490,Lars,Pakeman
491,Monah,Elderidge
492,Lyndsey,Edmott
493,Vikki,Ricardin
494,Marion,Rosebotham
495,Hansiain,McGarahan
496,Ricki,Arman
497,Margi,Ridesdale
498,Deane,Serjeantson
499,Jake,Stit
500,Sharona,Izzett
501,Elfie,Flatt
502,Lishe,Elloit
503,Tory,Paxman
504,Giselle,Brenston
505,Roger,Lodewick
506,Sheelagh,Nelane
507,Neel,Yetman
508,Cristobal,Fallowes
509,Hamish,O'Ferris
510,Ezra,Foggo
511,Roseline,Lorkins
512,Camilla,Bantham
513,Chickie,Lamplugh
514,Hastie,Schoroder
515,Dina,Scolts
516,Milissent,Klemps
517,Samuel,Badsey
518,Rois,Overell
519,Gwenore,Rudderham
520,Philippe,Halfacre
521,Jordon,Lakenton
522,Susanne,Trevor
523,Gerianna,Skull
524,Magdaia,Jannex
525,Hertha,Brandin
526,Nehemiah,Tuffield
527,Ilsa,Hackworthy
528,Myrlene,Adair
529,Maridel,Pickard
530,Murdock,Golding
531,Tamar,Warlaw
532,Susanetta,Ellicombe
533,Rab,Nisby
534,Jorge,Lachaize
535,Lynnell,Jowett
536,Leah,Orred
537,Simon,Tonn
538,Madelina,Flatt
539,Niall,Blasli
540,Delcina,Hares
541,Clovis,Cherm
542,Cissy,Ruddlesden
543,Niven,Rabjohn
544,Spense,Renard
545,Prudence,Vinsen
546,Gualterio,Dwyer
547,Gloria,Roncelli
548,Pebrook,Raeside
549,Julietta,Carefull
550,Cullin,Brevitt
551,Alis,Redemile
552,Britni,Pegler
553,Nikita,Demeza
554,Coretta,Honsch
555,Riva,Torr
556,Harli,Tarbert
557,Gideon,Le Barr
558,Harmon,Kornyakov
559,Lavina,Haquard
560,Tiena,Dawidowitz
561,Modesta,Muckle
562,Aaren,Stanlack
563,Eryn,Pegler
564,Paulie,Broy
565,Scotty,Mandal
566,Thorstein,De Hoogh
567,Adda,Michal
568,Filip,Eames
569,Arlette,Huncoot
570,Raychel,Kiehl
571,Thorstein,Probbin
572,Minnnie,Dowker
573,Cindee,Foggarty
574,Baily,Guidotti
575,Hollyanne,Gouldstraw
576,Tammie,Gill
577,Kinna,Sambrok
578,Clarisse,Ramard
579,Gustav,Prine
580,Dewain,Poulgreen
581,Alfreda,Morrilly
582,Angelico,Hadlee
583,Fritz,Roostan
584,Butch,Alldread
585,Simon,Hakonsson
586,Lianna,Marshland
587,Camellia,Rookesby
588,Coop,Burton
589,Veronika,Rogers
590,Ruggiero,Bosence
591,Jillane,McCory
592,Adriano,Kantor
593,Towney,Magrannell
594,Yorgo,Abad
595,Trula,Etoile
596,Etti,Sinkings
597,Jada,Sloy
598,Deonne,Thickin
599,Traver,Barthropp
600,Bride,Waltho
601,Ody,Redfearn
602,Jacklin,Rubroe
603,Courtney,Boult
604,Forrest,McKeaveney
605,Garfield,Coke
606,Georgy,Walkden
607,Winona,McEniry
608,Laura,Doore
609,Obadiah,Moxson
610,Alberik,Ambrogi
611,Arlin,Demongeot
612,Rozelle,Kinchin
613,Joly,Baylie
614,Darill,McMurty
615,Dulcy,Dukesbury
616,Wynn,Axford
617,Zacherie,Seckington
618,Willa,Van Der Vlies
619,Lanette,Lanegran
620,Gilburt,Sabban
621,Sayre,Warriner
622,Odie,Staterfield
623,Bartie,Latus
624,Joann,Firpi
625,Elberta,le Keux
626,Sandor,Boomes
627,Clemence,Tabb
628,Emelina,Kynder
629,Valaria,Outram
630,Rosalinde,Twinberrow
631,Mae,Emnoney
632,Neille,Feedome
633,Jakob,Philipeaux
634,Anna-diane,Felgate
635,Chiarra,Given
636,Matilda,Abella
637,Alexandr,Antrim
638,Jeniece,Peyzer
639,Lilyan,Cutbush
640,Carly,Tack
641,Beverlee,Savage
642,Brendin,Bisacre
643,Luther,Runcieman
644,Jessa,Spatari
645,Daryn,Alvar
646,Jody,Hiom
647,Karlene,Grady
648,Katerina,Christophe
649,Velvet,Fierro
650,Town,O'Loughane
651,Cirillo,Chazelas
652,Cloris,Renackowna
653,Nataniel,Castagnasso
654,Lillis,Schaumann
655,Grace,Buske
656,Kyle,Wyllcocks
657,Jewell,Stephen
658,Elmira,Goskar
659,Jacquetta,Humpatch
660,Rodger,Garbutt
661,Alleen,O'Mannion
662,Pryce,Rouby
663,Jackie,Dobbinson
664,Karna,Scottesmoor
665,Sasha,Kruschev
666,Kirbee,Robertis
667,Eleanor,Pettengell
668,Ly,Gayle
669,Christina,Pipe
670,Patty,Killiam
671,Suzy,Clewes
672,Towney,Skuce
673,Isiahi,Bauduin
674,Marna,Armour
675,Bordie,Jocelyn
676,Thorn,Wrigglesworth
677,Aura,O'Hickee
678,Jewelle,Northbridge
679,Danell,Turley
680,Hollie,Balden
681,Nariko,Netley
682,Liliane,Quinsee
683,Arlie,Bleue
684,Minor,Jasik
685,Cleon,Sheard
686,Hildagarde,Wieprecht
687,Marcie,Slyne
688,Hannis,Bleaden
689,Galina,Adrianello
690,Nedi,Youell
691,Gary,Challoner
692,Hermine,Branney
693,Crista,Girhard
694,Illa,Addy
695,Arne,Kipping
696,Gordy,McCarlie
697,Harli,Drewry
698,Laurice,Glassford
699,Arel,Jorck
700,Winnah,Heinl
701,Archy,Ditchfield
702,Corliss,Oke
703,Wyn,Dysert
704,Abigael,Dargavel
705,Tyson,Klesl
706,Eliza,Poolman
707,Kata,Bendix
708,Averil,Holson
709,Sig,Challiner
710,Jon,Ullrich
711,Prisca,Naisbet
712,Dore,Tesyro
713,Stevana,Beltzner
714,Cori,Dunston
715,Molli,Edmans
716,Haleigh,Filson
717,Rodrique,Aron
718,Carmelita,Chubb
719,Betteanne,Streeting
720,Albert,Massey
721,Eleni,Dowdeswell
722,Constantino,Silveston
723,Nolly,Witling
724,Clerkclaude,Axe
725,Rafa,Troctor
726,Darwin,Alner
727,Odelle,Brik
728,Swen,Aukland
729,Sula,Castrillo
730,Esteban,Mercer
731,Carin,Waddie
732,Marybelle,McMickan
733,Darline,Cuttin
734,Rolando,Scarborough
735,Adolph,Pache
736,Monika,Manueli
737,Datha,Pettersen
738,Brier,Ivell
739,Sigismond,Belitz
740,Richard,Eddy
741,Trudie,Willicott
742,Brunhilde,Crumb
743,Farr,Monahan
744,Dorelia,Hardey
745,Nickolas,Pechold
746,Kimmi,Kennler
747,Dorian,Cogger
748,Camille,Spurdle
749,Kissee,Boydle
750,Jone,Tremethack
751,Jed,Marvel
752,Lowe,Bayne
753,Hasheem,Gilogly
754,Lucia,Broadis
755,Clerkclaude,Iggalden
756,Aurilia,Olland
757,Abby,Lackeye
758,Otes,Forsard
759,Fayette,Volks
760,Henry,Halgarth
761,Larry,Forkan
762,Talbert,Michelin
763,Viviana,Buttrick
764,Bobby,Vivers
765,Ronni,Klimov
766,Nolly,Cicchelli
767,Dierdre,Kepp
768,Livy,Huish
769,Steven,Bown
770,Morten,Kornyshev
771,Maison,Forth
772,Drucy,Doucette
773,Candie,Laxen
774,Virginie,Nears
775,Courtnay,Brimner
776,Suzanna,McDonogh
777,Willey,Henriksson
778,Magda,Cutteridge
779,Jerry,Harmar
780,Dame,Eaglestone
781,Hugh,Garrit
782,Retha,Vasyutkin
783,Addie,Ainsby
784,L;urette,O'Scannill
785,Arni,Colhoun
786,Guillermo,Wroath
787,Annora,Tegler
788,Nollie,Hufton
789,Lani,Griffithe
790,Petr,Lillgard
791,Koressa,Cobbin
792,Consalve,Rosetti
793,Andee,Ewence
794,Mab,Tapson
795,Domeniga,Shreenan
796,Jasmin,Dodding
797,Ephraim,Andreix
798,Orel,Burless
799,Winny,Anstiss
800,Aaren,Burris
801,Ludovika,Dymott
802,Patricio,Reinger
803,Marissa,Gunthorp
804,Theda,Escoffier
805,Hamil,Bantock
806,Marena,Fortnon
807,Perri,Loyd
808,Noami,Janu
809,Guthry,Elen
810,Irene,Lugden
811,Sidney,Calender
812,Serena,Aris
813,Merci,Morfett
814,Fransisco,Kalb
815,Marlena,Arnout
816,Winona,Mattessen
817,Adrianne,Forlong
818,Tawsha,Juden
819,Addie,Rubie
820,Ronald,Feathers
821,Tobit,Birley
822,Brannon,Parkman
823,Armando,Knibbs
824,Ferris,MacAlaster
825,Anstice,Weal
826,Monika,Stirtle
827,Nerita,Hayle
828,Morlee,Cadman
829,Dynah,McOmish
830,Dario,Sevier
831,Maryann,Gomer
832,Mallory,Athow
833,Pepita,Scott
834,Grant,Syrad
835,Katha,Hegg
836,Tanya,Buttress
837,Shelly,Risman
838,Nanice,Egerton
839,Cayla,Wainscoat
840,Sileas,Louca
841,Rozina,Dranfield
842,Casey,Rivalland
843,Nananne,Castagnet
844,Freddie,Brandrick
845,Kippie,Bartke
846,Rani,Redpath
847,Halette,Perks
848,Cris,Gostridge
849,Ringo,Jantet
850,Zuzana,Rochell
851,Hilliary,Mellows
852,Cynthea,Harrowing
853,Sascha,Landsman
854,Bibby,Lampet
855,Hunter,Capeling
856,Percival,Ingyon
857,Shell,Gawith
858,Lexine,Harbar
859,Barclay,Scarsbrooke
860,Lee,Zealander
861,Joscelin,Tassaker
862,Orlan,Stonebanks
863,Daven,Marchenko
864,Gunilla,Poxson
865,Harriott,Place
866,Jan,Marchington
867,Ewart,Tine
868,Milly,Bartalini
869,Valeda,McDonagh
870,Carey,Martinec
871,Devlen,Pinkerton
872,Stern,Sherrington
873,Keriann,Drable
874,Maddie,Cheston
875,Pete,Stihl
876,Eloise,Dishman
877,Kandace,Dole
878,Aldric,Hewins
879,Shannon,Kovelmann
880,Benetta,Ramelet
881,Maisey,Burkart
882,Vittorio,Magrannell
883,Jacob,Grimsdike
884,Lorianna,Gavagan
885,Lisabeth,Feldon
886,Lisbeth,Toland
887,Ramsay,Spanton
888,Roseanna,Denzilow
889,Mei,Summergill
890,Brana,Waryk
891,Arnuad,Vertigan
892,Abby,Cato
893,Brucie,Balazot
894,Husain,Stillwell
895,Aurea,Chowne
896,Arlinda,Burnham
897,Letizia,Virgo
898,Aubry,Ashment
899,Twila,Buckbee
900,Celeste,Widocks
901,Merrile,Pigot
902,Tades,Franzolini
903,Donni,Fridlington
904,Rayner,O'Reagan
905,Illa,Clandillon
906,Monah,Jessopp
907,Willis,Thickin
908,Nana,Ollington
909,Mildrid,Gayther
910,Karlie,Syder
911,Paco,Vynarde
912,Jillayne,Paddock
913,Ethyl,Lethlay
914,Agatha,Peacop
915,Maude,Meckiff
916,Daniel,Beaudry
917,Antone,Camus
918,Stacey,Darree
919,Jamie,Sarfati
920,Kareem,Pes
921,Mehetabel,Mundow
922,Juliann,Hundey
923,Libbie,Hawksworth
924,Quinn,Rowlands
925,Morey,Philippart
926,Colby,Lafrentz
927,Valaree,Mallison
928,Manya,Elson
929,Donnajean,Petz
930,Lexi,Hinstridge
931,Pepita,Agerskow
932,Alix,Delaney
933,Maryrose,Schroter
934,Coretta,Small
935,Meris,Carlet
936,Liana,Punyer
937,Roscoe,Brabben
938,Gib,Colleymore
939,Ricca,Lambert
940,Pet,Barg
941,Waldon,Rickaby
942,Carson,Cattel
943,Daffi,Ucchino
944,Malvina,Hamsher
945,Ariel,Van den Oord
946,Agathe,Stebles
947,Karel,Churms
948,Fabe,Oade
949,Athene,Ewell
950,Melosa,Stavers
951,Delphine,Clark
952,Genna,O'Skehan
953,Sanford,Beechcraft
954,Vidovik,Kildahl
955,Aubrey,Sarre
956,Celesta,Makeswell
957,Devan,Rickman
958,Warden,Sked
959,Geoff,Clears
960,Alethea,Dimitrescu
961,Lynnell,Reading
962,Alyosha,Manes
963,Arvie,Stenyng
964,Holly,Secrett
965,Reginauld,Guilliland
966,Mariejeanne,Endersby
967,Ardine,Wakeford
968,Moritz,McCaughran
969,Bettine,Try
970,Minette,Compston
971,Cris,Donizeau
972,Gerianne,Bamborough
973,Wendy,Bellas
974,Nanine,Swindon
975,Coleen,Sneath
976,Issiah,Berrington
977,Denise,Popescu
978,Gwennie,Lindenberg
979,Esme,Minger
980,Harwilll,Prendeguest
981,Olly,Skillanders
982,Addy,Craster
983,Skipp,Coneybeer
984,Fabio,Foale
985,Colver,Bust
986,Evy,Sjollema
987,Rafaela,Olpin
988,Marco,Larmuth
989,Hoebart,MacAloren
990,Danny,Pottberry
991,Gare,Donovin
992,Gale,Jerred
993,Mavra,Carruthers
994,Celeste,Mechell
995,Gran,Gurden
996,Linet,Vick
997,Annora,Holburn
998,Robinson,Simmonite
999,Abraham,Ivanovic
1000,Cesya,Tousy